{"cameraMode":{"drawMode":0,"name":"Shaded","section":"Shading Mode"},"sceneLighting":true,"audioPlay":false,"sceneViewState":{"m_AlwaysRefresh":false,"showFog":true,"showSkybox":true,"showFlares":true,"showImageEffects":true,"showParticleSystems":true,"showVisualEffectGraphs":true,"m_FxEnabled":true},"in2DMode":false,"pivot":{"x":-0.8517417907714844,"y":1.5301775932312012,"z":-2.3850979804992677},"rotation":{"x":-0.05111512541770935,"y":-0.0817040428519249,"z":0.004196014255285263,"w":-0.9953363537788391},"size":1.7383135557174683,"orthographic":false}